month,correlation
3,-0.3859716317429861
4,-0.565372705325517
5,-0.6183340074075745
6,-0.628394225488869
7,-0.6576868374823281
9,-0.4612215006705809
10,-0.43116224254895175
11,-0.38555626658407854
12,-0.4191035269424047
