Horizon,ARIMA_Mean,Prophet_Mean
7-day,13097.830695629693,14346.848945698368
30-day,15459.846371074556,32716.4043435132
90-day,16983.276186880055,18372.102801479334
