Index,Mean,Median,Std,Min,Max
Digital Inclusion Index,46.049014585541215,50.0,5.743995989310586,2.9429472145212228,56.96882866542909
Service Quality Score,52.154479270505405,57.58594215153805,9.335563674185648,8.776374442340046,92.49863828242022
Aadhaar Maturity Index,90.97289267594383,95.34558046606553,8.885957772768737,30.9717812007587,99.99811622868984
Citizen Engagement Index,25.953727141388605,28.725254570455867,14.01055197514139,0.0,76.17586826273502
